{
  "experiment": "CMDM released-split compact multi-seed benchmark",
  "python_executable": "C:\\Users\\Administrator\\.conda\\envs\\cyp450\\python.exe",
  "seeds": [
    42,
    43,
    44
  ],
  "models": {
    "Drug-Only": {
      "runs": [
        {
          "seed": 42,
          "result_path": "D:\\cyp\\new-vision\\result\\cmdm_experiment6_drugonly_seed42.json",
          "model_path": "D:\\cyp\\new-vision\\model\\cmdm_experiment6_drugonly_seed42.pt",
          "best_epoch": null,
          "best_val_auc": 0.8229545800550269,
          "test_metrics": {
            "auc": 0.875496606522099,
            "pr_auc": 0.5553599595718295,
            "mcc": 0.5001802757957606,
            "accuracy": 0.8135838150289018,
            "f1": 0.5852090032154341
          }
        },
        {
          "seed": 43,
          "result_path": "D:\\cyp\\new-vision\\result\\cmdm_experiment6_drugonly_seed43.json",
          "model_path": "D:\\cyp\\new-vision\\model\\cmdm_experiment6_drugonly_seed43.pt",
          "best_epoch": null,
          "best_val_auc": 0.8200984421248676,
          "test_metrics": {
            "auc": 0.8711123986095017,
            "pr_auc": 0.5616790431420106,
            "mcc": 0.49088597017114477,
            "accuracy": 0.8285163776493256,
            "f1": 0.5821596244131455
          }
        },
        {
          "seed": 44,
          "result_path": "D:\\cyp\\new-vision\\result\\cmdm_experiment6_drugonly_seed44.json",
          "model_path": "D:\\cyp\\new-vision\\model\\cmdm_experiment6_drugonly_seed44.pt",
          "best_epoch": null,
          "best_val_auc": 0.8189821792570264,
          "test_metrics": {
            "auc": 0.8853120344313856,
            "pr_auc": 0.592130972328148,
            "mcc": 0.4883760998446114,
            "accuracy": 0.8270712909441233,
            "f1": 0.5801169590643275
          }
        }
      ],
      "summary": {
        "n_runs": 3,
        "seeds": [
          42,
          43,
          44
        ],
        "metrics": {
          "auc": {
            "mean": 0.8773070131876621,
            "std": 0.007270872959251072,
            "min": 0.8711123986095017,
            "max": 0.8853120344313856,
            "values": [
              0.875496606522099,
              0.8711123986095017,
              0.8853120344313856
            ]
          },
          "pr_auc": {
            "mean": 0.569723325013996,
            "std": 0.019661121481449145,
            "min": 0.5553599595718295,
            "max": 0.592130972328148,
            "values": [
              0.5553599595718295,
              0.5616790431420106,
              0.592130972328148
            ]
          },
          "mcc": {
            "mean": 0.4931474486038389,
            "std": 0.006218549348327,
            "min": 0.4883760998446114,
            "max": 0.5001802757957606,
            "values": [
              0.5001802757957606,
              0.49088597017114477,
              0.4883760998446114
            ]
          },
          "accuracy": {
            "mean": 0.8230571612074502,
            "std": 0.008235914324490784,
            "min": 0.8135838150289018,
            "max": 0.8285163776493256,
            "values": [
              0.8135838150289018,
              0.8285163776493256,
              0.8270712909441233
            ]
          },
          "f1": {
            "mean": 0.5824951955643024,
            "std": 0.0025625542740245334,
            "min": 0.5801169590643275,
            "max": 0.5852090032154341,
            "values": [
              0.5852090032154341,
              0.5821596244131455,
              0.5801169590643275
            ]
          }
        }
      }
    },
    "Morgan-CNN": {
      "runs": [
        {
          "seed": 42,
          "result_path": "D:\\cyp\\new-vision\\result\\cmdm_experiment1_morgancnn_seed42.json",
          "model_path": "D:\\cyp\\new-vision\\model\\cmdm_experiment1_morgancnn_seed42.pt",
          "best_epoch": 20,
          "best_val_auc": 0.9014656050525549,
          "test_metrics": {
            "auc": 0.9239414004303922,
            "pr_auc": 0.7047284253766938,
            "mcc": 0.598339834840282,
            "accuracy": 0.8848747591522158,
            "f1": 0.6675938803894298
          }
        },
        {
          "seed": 43,
          "result_path": "D:\\cyp\\new-vision\\result\\cmdm_experiment1_morgancnn_seed43.json",
          "model_path": "D:\\cyp\\new-vision\\model\\cmdm_experiment1_morgancnn_seed43.pt",
          "best_epoch": 46,
          "best_val_auc": 0.8905607368589423,
          "test_metrics": {
            "auc": 0.9210039728521768,
            "pr_auc": 0.7237944468751586,
            "mcc": 0.6082833273921994,
            "accuracy": 0.8819845857418112,
            "f1": 0.6772068511198946
          }
        },
        {
          "seed": 44,
          "result_path": "D:\\cyp\\new-vision\\result\\cmdm_experiment1_morgancnn_seed44.json",
          "model_path": "D:\\cyp\\new-vision\\model\\cmdm_experiment1_morgancnn_seed44.pt",
          "best_epoch": 29,
          "best_val_auc": 0.8986811242204025,
          "test_metrics": {
            "auc": 0.9258930640622414,
            "pr_auc": 0.724202391780367,
            "mcc": 0.6395632919675315,
            "accuracy": 0.901252408477842,
            "f1": 0.6980854197349042
          }
        }
      ],
      "summary": {
        "n_runs": 3,
        "seeds": [
          42,
          43,
          44
        ],
        "metrics": {
          "auc": {
            "mean": 0.9236128124482701,
            "std": 0.0024610527750495025,
            "min": 0.9210039728521768,
            "max": 0.9258930640622414,
            "values": [
              0.9239414004303922,
              0.9210039728521768,
              0.9258930640622414
            ]
          },
          "pr_auc": {
            "mean": 0.7175750880107398,
            "std": 0.011127405824637079,
            "min": 0.7047284253766938,
            "max": 0.724202391780367,
            "values": [
              0.7047284253766938,
              0.7237944468751586,
              0.724202391780367
            ]
          },
          "mcc": {
            "mean": 0.6153954847333376,
            "std": 0.021512332298344,
            "min": 0.598339834840282,
            "max": 0.6395632919675315,
            "values": [
              0.598339834840282,
              0.6082833273921994,
              0.6395632919675315
            ]
          },
          "accuracy": {
            "mean": 0.8893705844572897,
            "std": 0.010390937499912321,
            "min": 0.8819845857418112,
            "max": 0.901252408477842,
            "values": [
              0.8848747591522158,
              0.8819845857418112,
              0.901252408477842
            ]
          },
          "f1": {
            "mean": 0.6809620504147429,
            "std": 0.015588766282877408,
            "min": 0.6675938803894298,
            "max": 0.6980854197349042,
            "values": [
              0.6675938803894298,
              0.6772068511198946,
              0.6980854197349042
            ]
          }
        }
      }
    },
    "Two-Tower V1": {
      "runs": [
        {
          "seed": 42,
          "result_path": "D:\\cyp\\new-vision\\result\\cmdm_experiment2_twotowerv1_seed42.json",
          "model_path": "D:\\cyp\\new-vision\\model\\cmdm_experiment2_twotowerv1_seed42.pt",
          "best_epoch": 25,
          "best_val_auc": 0.8743335483557066,
          "test_metrics": {
            "auc": 0.9142360536335044,
            "pr_auc": 0.6989235562032005,
            "mcc": 0.5645128808310569,
            "accuracy": 0.8227360308285164,