{
  "experiment": "CMDM Experiment 12: Scaffold Robustness",
  "data_path": "D:\\cyp\\new-vision\\data\\cmdm_lab_cyp450_baseline_ready.csv",
  "representative_models": [
    "Drug-Only",
    "Morgan-CNN",
    "Exp7-plus",
    "Two-Tower V1",
    "Exp9",
    "CNN-2"
  ],
  "ratios": [
    "80/10/10",
    "70/15/15",
    "60/20/20",
    "50/25/25"
  ],
  "results": {
    "Drug-Only": {
      "80/10/10": {
        "auc": 0.7837084331352847,
        "pr_auc": 0.5157356213307626,
        "mcc": 0.38814507226638373,
        "accuracy": 0.6880281690140845,
        "f1": 0.5661116552399609,
        "val_auc": 0.7379983495414295
      },
      "70/15/15": {
        "auc": 0.7518909200213751,
        "pr_auc": 0.48138377376121233,
        "mcc": 0.33998584045640345,
        "accuracy": 0.6631238447319778,
        "f1": 0.5377298668357641,
        "val_auc": 0.7530344645369808
      },
      "60/20/20": {
        "auc": 0.7596337760910816,
        "pr_auc": 0.4781989508591995,
        "mcc": 0.35222096820365817,
        "accuracy": 0.6067179846046186,
        "f1": 0.5415986949429038,
        "val_auc": 0.776727922398544
      },
      "50/25/25": {
        "auc": 0.7489658041845692,
        "pr_auc": 0.4746442873918605,
        "mcc": 0.3301521747876124,
        "accuracy": 0.6512806079369546,
        "f1": 0.5326291965296115,
        "val_auc": 0.7790286574726929
      },
      "mean_auc": {
        "value": 0.7610497333580777
      }
    },
    "Morgan-CNN": {
      "80/10/10": {
        "auc": 0.7792290104830932,
        "pr_auc": 0.5514192337350757,
        "mcc": 0.3858386006121555,
        "accuracy": 0.7105633802816902,
        "f1": 0.5650793650793651,
        "val_auc": 0.7946266208096142
      },
      "70/15/15": {
        "auc": 0.7654435340220876,
        "pr_auc": 0.5557151682252252,
        "mcc": 0.39816104657728857,
        "accuracy": 0.7481515711645101,
        "f1": 0.5678033306899286,
        "val_auc": 0.8127566099528716
      },
      "60/20/20": {
        "auc": 0.77582036685642,
        "pr_auc": 0.5610880585967386,
        "mcc": 0.3732514093165945,
        "accuracy": 0.6941917424772568,
        "f1": 0.5608040201005026,
        "val_auc": 0.7960461114617713
      },
      "50/25/25": {
        "auc": 0.7752110204367475,
        "pr_auc": 0.5573939102587714,
        "mcc": 0.3468534607771628,
        "accuracy": 0.6712637207993245,
        "f1": 0.5426781519185592,
        "val_auc": 0.8035541002414015
      },
      "mean_auc": {
        "value": 0.773925982949587
      }
    },
    "Exp7-plus": {
      "80/10/10": {
        "auc": 0.8023376986966124,
        "pr_auc": 0.5385857595991412,
        "mcc": 0.4293915857078409,
        "accuracy": 0.7295774647887324,
        "f1": 0.5932203389830508,
        "val_auc": 0.7853415559772297
      },
      "70/15/15": {
        "auc": 0.768684315995725,
        "pr_auc": 0.5137656047029987,
        "mcc": 0.3196525945066495,
        "accuracy": 0.5748613678373382,
        "f1": 0.5193312434691745,
        "val_auc": 0.7966315815345291
      },
      "60/20/20": {
        "auc": 0.778263440860215,
        "pr_auc": 0.5149529991332895,
        "mcc": 0.20699549439229148,
        "accuracy": 0.40447865640307906,
        "f1": 0.4603677869372226,
        "val_auc": 0.8149116300882034
      },
      "50/25/25": {
        "auc": 0.7777107217743431,
        "pr_auc": 0.5329044978373758,
        "mcc": 0.3398399104480751,
        "accuracy": 0.6146918097382493,
        "f1": 0.5348284063880394,
        "val_auc": 0.8216458328353928
      },
      "mean_auc": {
        "value": 0.7817490443317239
      }
    },
    "Two-Tower V1": {
      "80/10/10": {
        "auc": 0.8267386277620514,
        "pr_auc": 0.5639238630724189,
        "mcc": 0.43232358783939806,
        "accuracy": 0.6894366197183098,
        "f1": 0.5897674418604651,
        "val_auc": 0.8138218493042378
      },
      "70/15/15": {
        "auc": 0.7994979070181689,
        "pr_auc": 0.553719721886984,
        "mcc": 0.35831421866089525,
        "accuracy": 0.6081330868761553,
        "f1": 0.5411255411255411,
        "val_auc": 0.8179653081162787
      },
      "60/20/20": {
        "auc": 0.808078431372549,
        "pr_auc": 0.5766512594248205,
        "mcc": 0.4314554281905965,
        "accuracy": 0.7176347095871238,
        "f1": 0.5971043434847728,
        "val_auc": 0.8413592014298434
      },
      "50/25/25": {
        "auc": 0.7936877185899839,
        "pr_auc": 0.5429692392181056,
        "mcc": 0.374747784252411,
        "accuracy": 0.6614128905150577,
        "f1": 0.557883131201764,
        "val_auc": 0.8033576328306127
      },
      "mean_auc": {
        "value": 0.8070006711856883
      }
    },
    "Exp9": {
      "80/10/10": {
        "auc": 0.8257017243703404,
        "pr_auc": 0.5688571117282358,
        "mcc": 0.4330840901358957,
        "accuracy": 0.7098591549295775,
        "f1": 0.5936883629191322,
        "val_auc": 0.8183457858950032
      },
      "70/15/15": {
        "auc": 0.7987225017812611,
        "pr_auc": 0.5567571401237632,
        "mcc": 0.37413835392929373,
        "accuracy": 0.6649722735674677,
        "f1": 0.5571166768478925,
        "val_auc": 0.8166872507634548
      },
      "60/20/20": {
        "auc": 0.7985003162555344,
        "pr_auc": 0.5562791347853694,
        "mcc": 0.360106242790749,
        "accuracy": 0.6210636808957313,
        "f1": 0.547430004178855,
        "val_auc": 0.8149204851436962
      },
      "50/25/25": {
        "auc": 0.7986891810058949,
        "pr_auc": 0.5690181613037273,
        "mcc": 0.41840668738932935,
        "accuracy": 0.7548550520686743,
        "f1": 0.5830540928674006,
        "val_auc": 0.8440703649704822
      },
      "mean_auc": {
        "value": 0.8054034308532578
      }
    },
    "CNN-2": {
      "80/10/10": {
        "auc": 0.8214089443286569,
        "pr_auc": 0.5762394162795503,
        "mcc": 0.4204696899211618,
        "accuracy": 0.7056338028169014,
        "f1": 0.5861386138613861,
        "val_auc": 0.8145853099304239
      },
      "70/15/15": {
        "auc": 0.801258015675098,
        "pr_auc": 0.5531299578645157,
        "mcc": 0.3731691909150983,
        "accuracy": 0.6344731977818854,
        "f1": 0.5523486134691568,
        "val_auc": 0.8164187358292319
      },
      "60/20/20": {
        "auc": 0.8081407337128399,
        "pr_auc": 0.5865253953120539,
        "mcc": 0.374149689536942,
        "accuracy": 0.6375087473757872,
        "f1": 0.5565068493150684,
        "val_auc": 0.816939083593849
      },
      "50/25/25": {
        "auc": 0.7992463408706112,
        "pr_auc": 0.5449883335913214,
        "mcc": 0.3578273449351101,
        "accuracy": 0.6135660005629046,
        "f1": 0.5427905427905428,
        "val_auc": 0.8327017854155213
      },
      "mean_auc": {
        "value": 0.8075135086468015
      }
    }
  }
}