depth_index,depth_label,test_auc,test_pr_auc,test_mcc,best_val_auc,parameters
1,1-layer CNN,0.9185598410859129,0.7006446766186197,0.5476820846603252,0.8740175143231271,269793
2,2-layer CNN,0.9164591954974342,0.7141108821872514,0.5737870807807628,0.8739755040440839,508129
3,3-layer CNN,0.9073348783314021,0.6741725832573804,0.5976248365433406,0.8734515788103936,1443553
